1,ACUM,ISRAEL
2,ADDAF,BRAZIL
3,AEPI,GREECE
4,AGADU,URUGUAY
5,AKM,AUSTRIA
6,BUCADA,CENTRAL AFRICAN REPUBLIC
7,APDAYC,PERU
8,APRA,AUSTRALIA
9,ARTISJUS,HUNGARY
10,ASCAP,UNITED STATES
11,AUSTRO-MECHANA (AUME),AUSTRIA
12,AMCOS,AUSTRALIA
13,AWA,GERMANY
14,ARGENTORES,ARGENTINA
15,APA,PARAGUAY
16,BUMDA,MALI
17,AMRA,UNITED STATES
18,BGDA,GUINEA
19,BMDAV,MOROCCO
20,SOCAN RR,CANADA
21,BMI,UNITED STATES
22,MCSN,NIGERIA
23,BUMA,NETHERLANDS
24,BURIDA,COTE D'IVOIRE
25,SODAV,SENEGAL
26,CASH,HONG KONG
27,CAPAC,CANADA
28,LITA,SLOVAKIA
29,SCD,CHILE
30,AMAR,BRAZIL
31,DILIA,CZECH REPUBLIC
32,FILSCAP,PHILIPPINES
33,OMDA,MADAGASCAR
34,HFA,UNITED STATES
35,GEMA,GERMANY
36,IPRS,INDIA
37,BUBEDRA,BENIN
38,JASRAC,JAPAN
39,MUSICAUTOR,BULGARIA
40,KODA,DENMARK
41,LITERAR-MECHANA,AUSTRIA
42,LVG,AUSTRIA
43,MCSK,KENYA
44,MCPS,UNITED KINGDOM
45,BBDA,BURKINA FASO
46,MRS,UNITED KINGDOM
47,BCDA,CONGO
48,NCB,DENMARK
49,ONDA,ALGERIA
50,OSA,CZECH REPUBLIC
51,PROLITTERIS,SWITZERLAND
52,PRS,UNITED KINGDOM
53,PROCAN,CANADA
54,ALCS,UNITED KINGDOM
55,SABAM,BELGIUM
56,SACD,FRANCE
57,SACERAU,EGYPT
58,SACEM,FRANCE
59,SACM,MEXICO
60,SACVEN,VENEZUELA
61,SADAIC,ARGENTINA
62,SADEMBRA,BRAZIL
63,SAMRO,SOUTH AFRICA
64,SOKOJ,SERBIA AND MONTENEGRO
65,SAYCE,ECUADOR
66,SBACEM,BRAZIL
67,SBAT,BRAZIL
68,SDRM,FRANCE
69,SPA,PORTUGAL
70,SOGEM,MEXICO
71,SESAC Inc.,UNITED STATES
72,SGAE,SPAIN
73,SCAM,FRANCE
74,SIAE,ITALY
75,SUISSIMAGE,SWITZERLAND
76,ACEMLA,PUERTO RICO
77,STEF,ICELAND
78,STEMRA,NETHERLANDS
79,STIM,SWEDEN
80,SUISA,SWITZERLAND
81,SARRAL,SOUTH AFRICA
82,OTDAV,TUNISIA
83,SONECA,"CONGO, THE DEMOCRATIC REPUBLIC OF THE"
84,SAYCO,COLOMBIA
85,SOZA,SLOVAKIA
86,SICAM,BRAZIL
87,SPACEM,FRANCE (TAHITI)
88,CMRRA,CANADA
89,TEOSTO,FINLAND
90,TONO,NORWAY
91,SSA,SWITZERLAND
92,SOCINADA,CAMEROON
93,UBC,BRAZIL
94,RAO,RUSSIAN FEDERATION
95,VG WORT,GERMANY
96,COTT,TRINIDAD AND TOBAGO
97,ZAIKS,POLAND
98,ZIMURA,ZIMBABWE
101,SOCAN,CANADA
102,NASCAM,NAMIBIA
103,ACDAM,CUBA
104,MACP,MALAYSIA
105,MASA ,MAURITIUS
106,COMPASS,SINGAPORE
107,ACAM,COSTA RICA
108,CHA,"TAIWAN, CHINESE TAIPEI"
109,KCI,INDONESIA
110,LATGA,LITHUANIA
111,HDS-ZAMP,CROATIA
112,SAZAS,SLOVENIA
113,LAA,LATVIA
114,AGAYC,GUATEMALA
115,UCMR-ADA,ROMANIA
116,EAU,ESTONIA
117,MESAM,TURKEY
118,KOMCA,"KOREA, REPUBLIC OF"
119,MCSC,CHINA
120,LIRA,NETHERLANDS
121,VDFS,AUSTRIA
122,AKKA-LAA,LATVIA
123,COSGA,GHANA
124,COSOMA,MALAWI
125,BNDA,NIGER
126,MCT,THAILAND
127,ALBAUTOR,ALBANIA
128,IMRO,IRELAND
129,SOBODAYCOM,BOLIVIA
130,BUTODRA,TOGO
131,ATHINA-SADA,GREECE
132,VG BILD-KUNST,GERMANY
133,ZAMCOPS,ZAMBIA
134,SLPRS,SRI LANKA
135,SADH,GREECE
136,ZAMP - Macédoine,"MACEDONIA, THE FORMER YUGOSLAV REPUBLIC OF"
137,SOFAM,BELGIUM
138,KOPIOSTO,FINLAND
139,VISDA,DENMARK
140,NGO-UACRR,UKRAINE
141,ATN,CHILE
142,DALRO,SOUTH AFRICA
143,TEATERAUTOR,BULGARIA
144,HAA,CROATIA
145,DIRECTORS UK,UNITED KINGDOM
146,SPAC,PANAMA
147,FILMAUTOR,BULGARIA
148,ADAGP,FRANCE
149,ARS,UNITED STATES
150,BEELDRECHT,NETHERLANDS
151,BONO,NORWAY
152,Bildupphovsrätt (Visual Copyright Society),SWEDEN
153,DACS,UNITED KINGDOM
154,HUNGART,HUNGARY
155,SOMAAP,MEXICO
156,VAGA,UNITED STATES
157,BILDRECHT GmbH,AUSTRIA
158,VEGAP,SPAIN
159,VISCOPY,AUSTRALIA
160,NCIP,BELARUS
161,MÜST,"TAIWAN, CHINESE TAIPEI"
162,AMPAL,AUSTRALIA
163,APG-Japan,JAPAN
164,APSAV,PERU
166,AUTORARTE,VENEZUELA
167,BURAFO,NETHERLANDS
168,Copyright Agency,AUSTRALIA
169,COSCAP,BARBADOS
170,CPSN,NEPAL
171,CREAIMAGEN,CHILE
172,DGA,UNITED STATES
173,DIRECTORES,MEXICO
174,FILMJUS,HUNGARY
175,CopyRo,ROMANIA
176,JACAP,JAMAICA
177,KazAK,KAZAKSTAN
178,KOSA,"KOREA, REPUBLIC OF"
179,KUVASTO,FINLAND
180,MUSIKEDITION,AUSTRIA
181,NMPA,UNITED STATES
182,PAPPRI,INDONESIA
183,SACK,"KOREA, REPUBLIC OF"
184,SARTEC,CANADA
185,SESAM,FRANCE
186,SGDL,FRANCE
187,SNAC,FRANCE
188,Société de l'Image,FRANCE
189,SOCINPRO,BRAZIL
190,SOPE,GREECE
191,SPACQ-AE,CANADA
192,SFF,SWEDEN
193,The Society of Authors (SOA),UNITED KINGDOM
194,UFFICIO GIURIDICO,HOLY SEE (VATICAN CITY STATE)
195,VEVAM,NETHERLANDS
196,WGAW,UNITED STATES
197,WGJ,JAPAN
198,ZAMP Association of Slovenia,SLOVENIA
199,SFP-ZAPA,POLAND
200,MSG,TURKEY
201,ABRAMUS,BRAZIL
202,AsDAC,"MOLDOVA, REPUBLIC OF"
203,AWGACS,AUSTRALIA
204,GCA,GEORGIA
205,SODART,CANADA
206,UFW ,FINLAND
207,The Author's Registry Inc.,UNITED STATES
208,SGA,GUINEA-BISSAU
209,ARMAUTHOR NGO,ARMENIA
210,ACCESS COPYRIGHT,CANADA
212,CSCS,CANADA
213,DRCC,CANADA
214,ECCO,SAINT LUCIA
215,Kyrgyzpatent,KYRGYZSTAN
216,SQN,BOSNIA AND HERZEGOVINA
217,ABRAC,BRAZIL
218,ANACIM,BRAZIL
219,ASSIM,BRAZIL
220,ATIDA,BRAZIL
221,SABEM,BRAZIL
222,FONOPERU,PERU
223,COSOTA,"TANZANIA, UNITED REPUBLIC OF"
224,SOMAS,MOZAMBIQUE
225,SAIF,FRANCE
226,AACIMH,HONDURAS
227,SGACEDOM,DOMINICAN REPUBLIC
228,ROMS,RUSSIAN FEDERATION
229,ICG,UNITED STATES
230,ADAVIS,CUBA
231,AUTVIS,BRAZIL
232,GESTOR,CZECH REPUBLIC
233,SACEMLUXEMBOURG,LUXEMBOURG
234,UPRS,UGANDA
235,SACENC,FRANCE
236,ARTEGESTION,ECUADOR
237,TALI,ISRAEL
238,BSCAP,BELIZE
239,CMC,CAMEROON
240,DAMA,SPAIN
241,NICAUTOR,NICARAGUA
242,SACIM,EL SALVADOR
243,SADIA,ANGOLA
244,SASUR,SURINAME
245,SETEM,TURKEY
246,VCPMC,VIET NAM
247,IVARO,IRELAND
248,DAC,ARGENTINA
249,PAM CG,MONTENEGRO
250,AEI-GUATEMALA,GUATEMALA
251,ASDACS,AUSTRALIA
252,COLCCMA,"TAIWAN, CHINESE TAIPEI"
253,AAS,AZERBAIJAN
254,SOCILADRA,CAMEROON
255,SODOMAPLA,DOMINICAN REPUBLIC
256,PICTORIGHT,NETHERLANDS
257,SAVA,ARGENTINA
258,MRCSN,NEPAL
259,SDCSI,IRELAND
260,ACS,UNITED KINGDOM
261,GAI Uz,UZBEKISTAN
262,SINEBIR,TURKEY
263,SACS,SEYCHELLES
264,CARCC,CANADA
265,MACA,MACAU
266,BeAT,BRUNEI DARUSSALAM
267,UPRAVIS,RUSSIAN FEDERATION
268,COSON,NIGERIA
269,WAMI,INDONESIA
270,JASPAR,JAPAN
271,DHFR,CROATIA
272,MOSCAP,MONGOLIA
273,AMUS,BOSNIA AND HERZEGOVINA
274,AuPO CINEMA,UKRAINE
275,AUTODIA,GREECE
276,DASC,COLOMBIA
277,RSAU,RWANDA
278,RUR,RUSSIAN FEDERATION
279,SDADV,ANDORRA
280,SANASTO,FINLAND
282,UNAC-SA,ANGOLA
283,CAPASSO,SOUTH AFRICA
284,COSOZA,"TANZANIA, UNITED REPUBLIC OF"
285,GHAMRO,GHANA
286,ODDA,DJIBOUTI
287,KOLAA,KOREA
288,ABYROY,KAZAKHSTAN
289,AIPA,SLOVENIA
290,AZDG,AZERBAIJAN
291,OFA,SERBIA
292,ZPAP,POLAND
293,DBCA,BRAZIL
294,REDES SGC,COLOMBIA
295,SAGCRYT,MEXICO
296,DACIN-SARA,ROMANIA
297,GEDAR,BRAZIL
298,OOA-S,CZECH REPUBLIC
299,SCM-COOPERATIVA,CAPE VERDE
300,WID Centre,UNITED STATES
301,GESAC,BELGIUM
302,LATINAUTOR,URUGUAY
303,NORD-DOC,SWEDEN
304,SONGCODE,UNITED STATES
305,IMJV,NETHERLANDS
306,ACCS,TRINIDAD AND TOBAGO
307,MIS@ASIA,SINGAPORE
308,ECAD,BRAZIL
309,LatinNet,SPAIN
310,DIVA,HONG KONG
311,MCPS-PRS Alliance,UNITED KINGDOM
312,CISAC,FRANCE
313,FastTrack DCN,FRANCE
314,IDA,FRANCE
315,CSI,FRANCE
316,CIS-Net AVI,FRANCE
317,INTL-REP,FRANCE
318,SGS,FRANCE
319,ICE Services AB,SWEDEN
320,ARMONIA,FRANCE
321,PUBLISHERS,0
322,EVA,BELGIUM
323,ANCO,MOLDOVA
324,CNRCMSE,ETHIOPIA
325,CRSEA,RUSSIA
326,IMPF,BELGIUM
327,OAZA,CZECH REPUBLIC
328,SAA,BELGIUM
329,ICSC,CHINA
330,SINGCAPS ,SINGAPORE
331,COSBOTS,BOTSWANA
332,DEGNZ,NEW ZEALAND
333,DGK,REPUBLIC OF KOREA
334,ASCRL,USA
335,ISOCRATIS,GREECE
336,KOSCAP,REPUBLIC OF KOREA
337,COPYSWEDE,SWEDEN
338,EDEM,GREECE
339,EKKI,SPAIN
340,MYNDSTEF,ICELAND
341,AVTE,FRANCE
342,DGJ,JAPAN
343,Mali Maliki Institute,GHANA
344,SEDA,SPAIN
345,SIIP,UZBEKISTAN
346,TAMRISO,"TANZANIA, UNITED REPUBLIC OF"
347,IAF,UNITED KINGDOM
348,AVRS,NIGERIA
349,DYGA,CHILE
350,LESCOSAA,LESOTHO
351,SEF,TURKEY
352,VISARTA,ROMANIA
555,GRD,FASTTRACK/GRD
590,SACEM Deal Multi territorial,SACEM-FRANCE
591,SACEM Deal,SACEM-FRANCE
592,BACKOFFICE,0
635,GEMA-US,Additional CIS-Net Node
658,SACEM-US,Additional CIS-Net Node
672,SGAE-NY,Additional CIS-Net Node
700,WIPO,Code used for the Deployment of the WIPO test CIS-Net node
701,SONY,0
702,BMG,0
703,UNIVERSAL,0
704,DISCOVERY,0
705,KOBALT,0
707,MusicMark,USA
708,MLC,USA
710,ISAN,SWITZERLAND
758,SACEM-LIBAN,Additional CIS-Net Node
775,Solar EMI,GERMANY/UK
776,Solar Sony,GERMANY/UK
777,CELAS,GERMANY/UK
778,GMR,UNITED STATES
779,Polaris Nordic ,SCANDINAVIA
780,UNISON,SPAIN
781,SOUNDREEF,ENGLAND and WALES
782,NexTone,JAPAN
783,HEXACORP LTD ,USA
784,ESMAA ,UNITED ARAB EMIRATES
785,LEA,ITALY
786,ALLTRACK,USA
787,ORFIUM Greece,GREECE
788,MINT,Hub of 16 Societies established by SESAC and SUISA
789,GDSDX,Asia Pacific
790,MESAM / MSG ,Turkey
791,ATLAS,ASIA PACIFIC
792,BRIDGER,BELGIUM
793,NMP,SWEDEN
888,PAECOL,Additional CIS-Net Node
